Model,MAE,RMSE,MAPE,R2
Moving Average,54.100361663652805,70.22098472639216,87.76188352834045,-0.09833621748480192
ARIMA,48.91585003737623,65.26094655375793,217015125023.15616,0.0347668674612418
Prophet,54.99234440429082,72.47621703304836,84.8178661449835,-0.17001790402856076
XGBoost,41.093727111816406,62.12759363298244,56.7963040600886,0.7883480787277222
