Model,MAE,RMSE,MAPE (%)
Moving Average (7d),31.5766369047619,37.893683230078025,65.2230469326736
"ARIMA (2,1,2)",49.15930007768422,63.8086179986574,230940187878.28464
Prophet Only,53.42253230590116,69.45366670179584,84.70119819723536
XGBoost Only,31.298269271850586,37.73155883642448,67.97125086894545
Hybrid (Prophet + XGBoost),31.54554557800293,37.58404156904979,67.25555883722826
