Model,MAE,RMSE,MAPE (%)
Moving Average (7d),31.5766369047619,37.893683230078025,65.2230469326736
"ARIMA (2,1,2)",49.15930800075971,63.808787971832544,230938132060.8641
Prophet Only,53.41882727423865,69.45411742458215,84.68122840349388
XGBoost Only,31.174484252929688,37.988653797980426,67.222241460745
Hybrid (Prophet + XGBoost),32.02141189575195,38.667660755226066,68.81327539338257
