Model,Test RMSE,Test R2,Target
XGBoost (qty),37.07179680758335,0.18580849168820301,qty
Linear Reg (qty),35.97007579215899,0.2334826274592512,qty
XGBoost (price),554.8885663948296,-0.16584461802873451,price
Linear Reg (price),525.6594130717376,-0.04625612016121705,price
