{
  "mae_train": 0.07144531607627869,
  "mae_test": 8.111340522766113,
  "rmse_train": 0.09524169934391502,
  "rmse_test": 11.104328280782354,
  "mape_train": 0.2120271372498381,
  "mape_test": 17.304600018773044,
  "overfit_pct": 11559.103478073135
}